{"cameraMode":{"drawMode":0,"name":"Shaded","section":"Shading Mode"},"sceneLighting":true,"audioPlay":false,"sceneViewState":{"m_AlwaysRefresh":false,"showFog":true,"showSkybox":true,"showFlares":true,"showImageEffects":true,"showParticleSystems":true,"showVisualEffectGraphs":true,"m_FxEnabled":true},"in2DMode":false,"pivot":{"x":0.7405103445053101,"y":1.2596416473388672,"z":-1.9045047760009766},"rotation":{"x":0.006391971372067928,"y":0.9746492505073547,"z":-0.22185221314430238,"w":0.028078343719244005},"size":5.00955867767334,"orthographic":false}